BoxingDay	London	3
BoxingDay	Canada	3
BoxingDay	Caerphilly, Wales	3
BoxingDay	United States	2
BoxingDay	South West, England	2
BoxingDay	Indonesia	2
BoxingDay	near Catslick	1
BoxingDay	co durham	1
BoxingDay	YUL	1
BoxingDay	Washington, D.C.	1
BoxingDay	Washington State	1
BoxingDay	Warri, Nigeria	1
BoxingDay	Wales, United Kingdom	1
BoxingDay	Toronto, Canada	1
BoxingDay	Tijuana	1
BoxingDay	SKWIM WA 98382	1
BoxingDay	SC	1
BoxingDay	Roseville, CA	1
BoxingDay	Pune, India	1
BoxingDay	Pontevedra - Galiza	1
BoxingDay	Peterborough, England	1
BoxingDay	Ontario. Canada	1
BoxingDay	Ohio, USA	1
BoxingDay	New York City	1
BoxingDay	NE	1
BoxingDay	My Mind 	1
BoxingDay	Minneapolis or so	1
BoxingDay	Madrid, Comunidad de Madrid	1
BoxingDay	London, England	1
BoxingDay	Liverpool, UK	1
BoxingDay	Ironbridge	1
BoxingDay	Guayaquil, Ecuador	1
BoxingDay	Great Britain wolves 	1
BoxingDay	GCC gcchashtag@gmail.com	1
BoxingDay	Florida, USA	1
BoxingDay	Europe	1
BoxingDay	East, England	1
BoxingDay	Civitavecchia	1
BoxingDay	Brooklyn, NYC	1
BoxingDay	Bristol, England	1
BoxingDay	Brampton, Ontario	1
BoxingDay	Back from the land of the ban.	1
BoxingDay	Austin, TX	1
BoxingDay	Atlanta, GA	1
